SrNo,Col_1,Col_2,Col_3,Col_4
1,STRINGA,STRINGB,STRINGC,STRINGD
2,STRINGA,STRINGB,STRINGC,STRINGD
3,STRINGA,STRINGB,STRINGC,STRINGD
4,STRINGA,STRINGB,STRINGC,STRINGD
5,STRINGA,STRINGB,STRINGC,STRINGD
6,STRINGA,STRINGB,STRINGC,STRINGD
7,STRINGA,STRINGB,STRINGC,STRINGD
8,STRINGA,STRINGB,STRINGC,STRINGD
9,STRINGA,STRINGB,STRINGC,STRINGD
10,STRINGA,STRINGB,STRINGC,STRINGD
11,STRINGA,STRINGB,STRINGC,STRINGD
12,STRINGA,STRINGB,STRINGC,STRINGD
13,STRINGA,STRINGB,STRINGC,STRINGD
14,STRINGA,STRINGB,STRINGC,STRINGD
15,STRINGA,STRINGB,STRINGC,STRINGD
16,STRINGA,STRINGB,STRINGC,STRINGD
17,STRINGA,STRINGB,STRINGC,STRINGD
18,STRINGA,STRINGB,STRINGC,STRINGD
19,STRINGA,STRINGB,STRINGC,STRINGD
20,STRINGA,STRINGB,STRINGC,STRINGD
21,STRINGA,STRINGB,STRINGC,STRINGD
22,STRINGA,STRINGB,STRINGC,STRINGD
23,STRINGA,STRINGB,STRINGC,STRINGD
24,STRINGA,STRINGB,STRINGC,STRINGD
25,STRINGA,STRINGB,STRINGC,STRINGD
26,STRINGA,STRINGB,STRINGC,STRINGD
27,STRINGA,STRINGB,STRINGC,STRINGD
28,STRINGA,STRINGB,STRINGC,STRINGD
29,STRINGA,STRINGB,STRINGC,STRINGD
30,STRINGA,STRINGB,STRINGC,STRINGD
31,STRINGA,STRINGB,STRINGC,STRINGD
32,STRINGA,STRINGB,STRINGC,STRINGD
33,STRINGA,STRINGB,STRINGC,STRINGD
34,STRINGA,STRINGB,STRINGC,STRINGD
35,STRINGA,STRINGB,STRINGC,STRINGD
36,STRINGA,STRINGB,STRINGC,STRINGD
37,STRINGA,STRINGB,STRINGC,STRINGD
38,STRINGA,STRINGB,STRINGC,STRINGD
39,STRINGA,STRINGB,STRINGC,STRINGD
40,STRINGA,STRINGB,STRINGC,STRINGD
41,STRINGA,STRINGB,STRINGC,STRINGD
42,STRINGA,STRINGB,STRINGC,STRINGD
43,STRINGA,STRINGB,STRINGC,STRINGD
44,STRINGA,STRINGB,STRINGC,STRINGD
45,STRINGA,STRINGB,STRINGC,STRINGD
46,STRINGA,STRINGB,STRINGC,STRINGD
47,STRINGA,STRINGB,STRINGC,STRINGD
48,STRINGA,STRINGB,STRINGC,STRINGD
49,STRINGA,STRINGB,STRINGC,STRINGD
50,STRINGA,STRINGB,STRINGC,STRINGD
51,STRINGA,STRINGB,STRINGC,STRINGD
52,STRINGA,STRINGB,STRINGC,STRINGD
53,STRINGA,STRINGB,STRINGC,STRINGD
54,STRINGA,STRINGB,STRINGC,STRINGD
55,STRINGA,STRINGB,STRINGC,STRINGD
56,STRINGA,STRINGB,STRINGC,STRINGD
57,STRINGA,STRINGB,STRINGC,STRINGD
58,STRINGA,STRINGB,STRINGC,STRINGD
59,STRINGA,STRINGB,STRINGC,STRINGD
60,STRINGA,STRINGB,STRINGC,STRINGD
61,STRINGA,STRINGB,STRINGC,STRINGD
62,STRINGA,STRINGB,STRINGC,STRINGD
63,STRINGA,STRINGB,STRINGC,STRINGD
64,STRINGA,STRINGB,STRINGC,STRINGD
65,STRINGA,STRINGB,STRINGC,STRINGD
66,STRINGA,STRINGB,STRINGC,STRINGD
67,STRINGA,STRINGB,STRINGC,STRINGD
68,STRINGA,STRINGB,STRINGC,STRINGD
69,STRINGA,STRINGB,STRINGC,STRINGD
70,STRINGA,STRINGB,STRINGC,STRINGD
71,STRINGA,STRINGB,STRINGC,STRINGD
72,STRINGA,STRINGB,STRINGC,STRINGD
73,STRINGA,STRINGB,STRINGC,STRINGD
74,STRINGA,STRINGB,STRINGC,STRINGD
75,STRINGA,STRINGB,STRINGC,STRINGD
76,STRINGA,STRINGB,STRINGC,STRINGD
77,STRINGA,STRINGB,STRINGC,STRINGD
78,STRINGA,STRINGB,STRINGC,STRINGD
79,STRINGA,STRINGB,STRINGC,STRINGD
80,STRINGA,STRINGB,STRINGC,STRINGD
81,STRINGA,STRINGB,STRINGC,STRINGD
82,STRINGA,STRINGB,STRINGC,STRINGD
83,STRINGA,STRINGB,STRINGC,STRINGD
84,STRINGA,STRINGB,STRINGC,STRINGD
85,STRINGA,STRINGB,STRINGC,STRINGD
86,STRINGA,STRINGB,STRINGC,STRINGD
87,STRINGA,STRINGB,STRINGC,STRINGD
88,STRINGA,STRINGB,STRINGC,STRINGD
89,STRINGA,STRINGB,STRINGC,STRINGD
90,STRINGA,STRINGB,STRINGC,STRINGD
91,STRINGA,STRINGB,STRINGC,STRINGD
92,STRINGA,STRINGB,STRINGC,STRINGD
93,STRINGA,STRINGB,STRINGC,STRINGD
94,STRINGA,STRINGB,STRINGC,STRINGD
95,STRINGA,STRINGB,STRINGC,STRINGD
96,STRINGA,STRINGB,STRINGC,STRINGD
97,STRINGA,STRINGB,STRINGC,STRINGD
98,STRINGA,STRINGB,STRINGC,STRINGD
99,STRINGA,STRINGB,STRINGC,STRINGD
100,STRINGA,STRINGB,STRINGC,STRINGD
101,STRINGA,STRINGB,STRINGC,STRINGD
102,STRINGA,STRINGB,STRINGC,STRINGD
103,STRINGA,STRINGB,STRINGC,STRINGD
104,STRINGA,STRINGB,STRINGC,STRINGD
105,STRINGA,STRINGB,STRINGC,STRINGD
106,STRINGA,STRINGB,STRINGC,STRINGD
107,STRINGA,STRINGB,STRINGC,STRINGD
108,STRINGA,STRINGB,STRINGC,STRINGD
109,STRINGA,STRINGB,STRINGC,STRINGD
110,STRINGA,STRINGB,STRINGC,STRINGD
111,STRINGA,STRINGB,STRINGC,STRINGD
112,STRINGA,STRINGB,STRINGC,STRINGD
113,STRINGA,STRINGB,STRINGC,STRINGD
114,STRINGA,STRINGB,STRINGC,STRINGD
115,STRINGA,STRINGB,STRINGC,STRINGD
116,STRINGA,STRINGB,STRINGC,STRINGD
117,STRINGA,STRINGB,STRINGC,STRINGD
118,STRINGA,STRINGB,STRINGC,STRINGD
119,STRINGA,STRINGB,STRINGC,STRINGD
120,STRINGA,STRINGB,STRINGC,STRINGD
121,STRINGA,STRINGB,STRINGC,STRINGD
122,STRINGA,STRINGB,STRINGC,STRINGD
123,STRINGA,STRINGB,STRINGC,STRINGD
124,STRINGA,STRINGB,STRINGC,STRINGD
125,STRINGA,STRINGB,STRINGC,STRINGD
126,STRINGA,STRINGB,STRINGC,STRINGD
127,STRINGA,STRINGB,STRINGC,STRINGD
128,STRINGA,STRINGB,STRINGC,STRINGD
129,STRINGA,STRINGB,STRINGC,STRINGD
130,STRINGA,STRINGB,STRINGC,STRINGD
131,STRINGA,STRINGB,STRINGC,STRINGD
132,STRINGA,STRINGB,STRINGC,STRINGD
133,STRINGA,STRINGB,STRINGC,STRINGD
134,STRINGA,STRINGB,STRINGC,STRINGD
135,STRINGA,STRINGB,STRINGC,STRINGD
136,STRINGA,STRINGB,STRINGC,STRINGD
137,STRINGA,STRINGB,STRINGC,STRINGD
138,STRINGA,STRINGB,STRINGC,STRINGD
139,STRINGA,STRINGB,STRINGC,STRINGD
140,STRINGA,STRINGB,STRINGC,STRINGD
141,STRINGA,STRINGB,STRINGC,STRINGD
142,STRINGA,STRINGB,STRINGC,STRINGD
143,STRINGA,STRINGB,STRINGC,STRINGD
144,STRINGA,STRINGB,STRINGC,STRINGD
